time_ns,sample,mode,a,b,valid_in,clear,acc,sat_flag,fp_flag
45,0,0,0,0,0,1,0,0,0
65,1,0,128,128,1,0,16384,0,0
85,2,0,128,127,1,0,128,0,0
105,3,0,128,0,1,0,128,0,0
125,4,0,128,1,1,0,0,0,0
145,5,0,128,255,1,0,128,0,0
165,6,0,128,66,1,0,4294958976,0,0
185,7,0,127,128,1,0,4294942720,0,0
205,8,0,127,127,1,0,4294958849,0,0
225,9,0,127,0,1,0,4294958849,0,0
245,10,0,127,1,1,0,4294958976,0,0
265,11,0,127,255,1,0,4294958849,0,0
285,12,0,127,66,1,0,4294967231,0,0
305,13,0,0,128,1,0,4294967231,0,0
325,14,0,0,127,1,0,4294967231,0,0
345,15,0,0,0,1,0,4294967231,0,0
365,16,0,0,1,1,0,4294967231,0,0
385,17,0,0,255,1,0,4294967231,0,0
405,18,0,0,66,1,0,4294967231,0,0
425,19,0,1,128,1,0,4294967103,0,0
445,20,0,1,127,1,0,4294967230,0,0
465,21,0,1,0,1,0,4294967230,0,0
485,22,0,1,1,1,0,4294967231,0,0
505,23,0,1,255,1,0,4294967230,0,0
525,24,0,1,66,1,0,0,0,0
545,25,0,255,128,1,0,128,0,0
565,26,0,255,127,1,0,1,0,0
585,27,0,255,0,1,0,1,0,0
605,28,0,255,1,1,0,0,0,0
625,29,0,255,255,1,0,1,0,0
645,30,0,255,66,1,0,4294967231,0,0
665,31,0,66,128,1,0,4294958783,0,0
685,32,0,66,127,1,0,4294967165,0,0
705,33,0,66,0,1,0,4294967165,0,0
725,34,0,66,1,1,0,4294967231,0,0
745,35,0,66,255,1,0,4294967165,0,0
765,36,0,66,66,1,0,4225,0,0
785,37,0,127,127,1,0,20354,0,0
805,38,0,127,127,1,0,36483,0,0
825,39,0,127,127,1,0,52612,0,0
845,40,0,127,127,1,0,68741,0,0
865,41,0,127,127,1,0,84870,0,0
885,42,0,127,127,1,0,100999,0,0
905,43,0,127,127,1,0,117128,0,0
925,44,0,127,127,1,0,133257,0,0
945,45,0,127,127,1,0,149386,0,0
965,46,0,127,127,1,0,165515,0,0
985,47,0,127,127,1,0,181644,0,0
1005,48,0,127,127,1,0,197773,0,0
1025,49,0,127,127,1,0,213902,0,0
1045,50,0,127,127,1,0,230031,0,0
1065,51,0,127,127,1,0,246160,0,0
1085,52,0,127,127,1,0,262289,0,0
1105,53,0,127,127,1,0,278418,0,0
1125,54,0,127,127,1,0,294547,0,0
1145,55,0,127,127,1,0,310676,0,0
1165,56,0,127,127,1,0,326805,0,0
1185,57,0,127,127,1,0,342934,0,0
1205,58,0,127,127,1,0,359063,0,0
1225,59,0,127,127,1,0,375192,0,0
1245,60,0,127,127,1,0,391321,0,0
1265,61,0,127,127,1,0,407450,0,0
1285,62,0,127,127,1,0,423579,0,0
1305,63,0,127,127,1,0,439708,0,0
1325,64,0,127,127,1,0,455837,0,0
1345,65,0,127,127,1,0,471966,0,0
1365,66,0,127,127,1,0,488095,0,0
1385,67,0,127,127,1,0,504224,0,0
1405,68,0,127,127,1,0,520353,0,0
1425,69,0,127,127,1,0,536482,0,0
1445,70,0,127,127,1,0,552611,0,0
1465,71,0,127,127,1,0,568740,0,0
1485,72,0,127,127,1,0,584869,0,0
1505,73,0,127,127,1,0,600998,0,0
1525,74,0,127,127,1,0,617127,0,0
1545,75,0,127,127,1,0,633256,0,0
1565,76,0,127,127,1,0,649385,0,0
1585,77,0,127,127,1,0,665514,0,0
1605,78,0,127,127,1,0,681643,0,0
1625,79,0,127,127,1,0,697772,0,0
1645,80,0,127,127,1,0,713901,0,0
5645,280,0,127,127,1,0,3939701,0,0
9665,481,0,127,127,1,0,7181630,0,0
13665,681,0,127,127,1,0,10407430,0,0
17665,881,0,127,127,1,0,13633230,0,0
21665,1081,0,127,127,1,0,16859030,0,0
25685,1282,0,127,127,1,0,20100959,0,0
29685,1482,0,127,127,1,0,23326759,0,0
33685,1682,0,127,127,1,0,26552559,0,0
37705,1883,0,127,127,1,0,29794488,0,0
41705,2083,0,127,127,1,0,33020288,0,0
45705,2283,0,127,127,1,0,36246088,0,0
49725,2484,0,127,127,1,0,39488017,0,0
53725,2684,0,127,127,1,0,42713817,0,0
57725,2884,0,127,127,1,0,45939617,0,0
61725,3084,0,127,127,1,0,49165417,0,0
65745,3285,0,127,127,1,0,52407346,0,0
69745,3485,0,127,127,1,0,55633146,0,0
73745,3685,0,127,127,1,0,58858946,0,0
77765,3886,0,127,127,1,0,62100875,0,0
81765,4086,0,127,127,1,0,65326675,0,0
85765,4286,0,127,127,1,0,68552475,0,0
89785,4487,0,127,127,1,0,71794404,0,0
93785,4687,0,127,127,1,0,75020204,0,0
97785,4887,0,127,127,1,0,78246004,0,0
101785,5087,0,127,127,1,0,81471804,0,0
105805,5288,0,127,127,1,0,84713733,0,0
109805,5488,0,127,127,1,0,87939533,0,0
113805,5688,0,127,127,1,0,91165333,0,0
117825,5889,0,127,127,1,0,94407262,0,0
121825,6089,0,127,127,1,0,97633062,0,0
125825,6289,0,127,127,1,0,100858862,0,0
129825,6489,0,127,127,1,0,104084662,0,0
133845,6690,0,127,127,1,0,107326591,0,0
137845,6890,0,127,127,1,0,110552391,0,0
141845,7090,0,127,127,1,0,113778191,0,0
145865,7291,0,127,127,1,0,117020120,0,0
149865,7491,0,127,127,1,0,120245920,0,0
153865,7691,0,127,127,1,0,123471720,0,0
157885,7892,0,127,127,1,0,126713649,0,0
161885,8092,0,127,127,1,0,129939449,0,0
165885,8292,0,127,127,1,0,133165249,0,0
169885,8492,0,127,127,1,0,136391049,0,0
173905,8693,0,127,127,1,0,139632978,0,0
177905,8893,0,127,127,1,0,142858778,0,0
181905,9093,0,127,127,1,0,146084578,0,0
185925,9294,0,127,127,1,0,149326507,0,0
189925,9494,0,127,127,1,0,152552307,0,0
193925,9694,0,127,127,1,0,155778107,0,0
197945,9895,0,127,127,1,0,159020036,0,0
201945,10095,0,127,127,1,0,162245836,0,0
205945,10295,0,127,127,1,0,165471636,0,0
209945,10495,0,127,127,1,0,168697436,0,0
213965,10696,0,127,127,1,0,171939365,0,0
217965,10896,0,127,127,1,0,175165165,0,0
221965,11096,0,127,127,1,0,178390965,0,0
225985,11297,0,127,127,1,0,181632894,0,0
229985,11497,0,127,127,1,0,184858694,0,0
233985,11697,0,127,127,1,0,188084494,0,0
237985,11897,0,127,127,1,0,191310294,0,0
242005,12098,0,127,127,1,0,194552223,0,0
246005,12298,0,127,127,1,0,197778023,0,0
250005,12498,0,127,127,1,0,201003823,0,0
254025,12699,0,127,127,1,0,204245752,0,0
258025,12899,0,127,127,1,0,207471552,0,0
262025,13099,0,127,127,1,0,210697352,0,0
266045,13300,0,127,127,1,0,213939281,0,0
270045,13500,0,127,127,1,0,217165081,0,0
274045,13700,0,127,127,1,0,220390881,0,0
278045,13900,0,127,127,1,0,223616681,0,0
282065,14101,0,127,127,1,0,226858610,0,0
286065,14301,0,127,127,1,0,230084410,0,0
290065,14501,0,127,127,1,0,233310210,0,0
294085,14702,0,127,127,1,0,236552139,0,0
298085,14902,0,127,127,1,0,239777939,0,0
302085,15102,0,127,127,1,0,243003739,0,0
306105,15303,0,127,127,1,0,246245668,0,0
310105,15503,0,127,127,1,0,249471468,0,0
314105,15703,0,127,127,1,0,252697268,0,0
318105,15903,0,127,127,1,0,255923068,0,0
322125,16104,0,127,127,1,0,259164997,0,0
326125,16304,0,127,127,1,0,262390797,0,0
330125,16504,0,127,127,1,0,265616597,0,0
334145,16705,0,127,127,1,0,268858526,0,0
338145,16905,0,127,127,1,0,272084326,0,0
342145,17105,0,127,127,1,0,275310126,0,0
346145,17305,0,127,127,1,0,278535926,0,0
350165,17506,0,127,127,1,0,281777855,0,0
354165,17706,0,127,127,1,0,285003655,0,0
358165,17906,0,127,127,1,0,288229455,0,0
362185,18107,0,127,127,1,0,291471384,0,0
366185,18307,0,127,127,1,0,294697184,0,0
370185,18507,0,127,127,1,0,297922984,0,0
374205,18708,0,127,127,1,0,301164913,0,0
378205,18908,0,127,127,1,0,304390713,0,0
382205,19108,0,127,127,1,0,307616513,0,0
386205,19308,0,127,127,1,0,310842313,0,0
390225,19509,0,127,127,1,0,314084242,0,0
394225,19709,0,127,127,1,0,317310042,0,0
398225,19909,0,127,127,1,0,320535842,0,0
402245,20110,0,127,127,1,0,323777771,0,0
406245,20310,0,127,127,1,0,327003571,0,0
410245,20510,0,127,127,1,0,330229371,0,0
414265,20711,0,127,127,1,0,333471300,0,0
418265,20911,0,127,127,1,0,336697100,0,0
422265,21111,0,127,127,1,0,339922900,0,0
426265,21311,0,127,127,1,0,343148700,0,0
430285,21512,0,127,127,1,0,346390629,0,0
434285,21712,0,127,127,1,0,349616429,0,0
438285,21912,0,127,127,1,0,352842229,0,0
442305,22113,0,127,127,1,0,356084158,0,0
446305,22313,0,127,127,1,0,359309958,0,0
450305,22513,0,127,127,1,0,362535758,0,0
454305,22713,0,127,127,1,0,365761558,0,0
458325,22914,0,127,127,1,0,369003487,0,0
462325,23114,0,127,127,1,0,372229287,0,0
466325,23314,0,127,127,1,0,375455087,0,0
470345,23515,0,127,127,1,0,378697016,0,0
474345,23715,0,127,127,1,0,381922816,0,0
478345,23915,0,127,127,1,0,385148616,0,0
482365,24116,0,127,127,1,0,388390545,0,0
486365,24316,0,127,127,1,0,391616345,0,0
490365,24516,0,127,127,1,0,394842145,0,0
494365,24716,0,127,127,1,0,398067945,0,0
498385,24917,0,127,127,1,0,401309874,0,0
502385,25117,0,127,127,1,0,404535674,0,0
506385,25317,0,127,127,1,0,407761474,0,0
510405,25518,0,127,127,1,0,411003403,0,0
514405,25718,0,127,127,1,0,414229203,0,0
518405,25918,0,127,127,1,0,417455003,0,0
522425,26119,0,127,127,1,0,420696932,0,0
526425,26319,0,127,127,1,0,423922732,0,0
530425,26519,0,127,127,1,0,427148532,0,0
534425,26719,0,127,127,1,0,430374332,0,0
538445,26920,0,127,127,1,0,433616261,0,0
542445,27120,0,127,127,1,0,436842061,0,0
546445,27320,0,127,127,1,0,440067861,0,0
550465,27521,0,127,127,1,0,443309790,0,0
554465,27721,0,127,127,1,0,446535590,0,0
558465,27921,0,127,127,1,0,449761390,0,0
562465,28121,0,127,127,1,0,452987190,0,0
566485,28322,0,127,127,1,0,456229119,0,0
570485,28522,0,127,127,1,0,459454919,0,0
574485,28722,0,127,127,1,0,462680719,0,0
578505,28923,0,127,127,1,0,465922648,0,0
582505,29123,0,127,127,1,0,469148448,0,0
586505,29323,0,127,127,1,0,472374248,0,0
590525,29524,0,127,127,1,0,475616177,0,0
594525,29724,0,127,127,1,0,478841977,0,0
598525,29924,0,127,127,1,0,482067777,0,0
602525,30124,0,127,127,1,0,485293577,0,0
606545,30325,0,127,127,1,0,488535506,0,0
610545,30525,0,127,127,1,0,491761306,0,0
614545,30725,0,127,127,1,0,494987106,0,0
618565,30926,0,127,127,1,0,498229035,0,0
622565,31126,0,127,127,1,0,501454835,0,0
626565,31326,0,127,127,1,0,504680635,0,0
630585,31527,0,127,127,1,0,507922564,0,0
634585,31727,0,127,127,1,0,511148364,0,0
638585,31927,0,127,127,1,0,514374164,0,0
642585,32127,0,127,127,1,0,517599964,0,0
646605,32328,0,127,127,1,0,520841893,0,0
650605,32528,0,127,127,1,0,524067693,0,0
654605,32728,0,127,127,1,0,527293493,0,0
658625,32929,0,127,127,1,0,530535422,0,0
662625,33129,0,127,127,1,0,533761222,0,0
666625,33329,0,127,127,1,0,536987022,0,0
670625,33529,0,127,127,1,0,540212822,0,0
674645,33730,0,127,127,1,0,543454751,0,0
678645,33930,0,127,127,1,0,546680551,0,0
682645,34130,0,127,127,1,0,549906351,0,0
686665,34331,0,127,127,1,0,553148280,0,0
690665,34531,0,127,127,1,0,556374080,0,0
694665,34731,0,127,127,1,0,559599880,0,0
698685,34932,0,127,127,1,0,562841809,0,0
702685,35132,0,127,127,1,0,566067609,0,0
706685,35332,0,127,127,1,0,569293409,0,0
710685,35532,0,127,127,1,0,572519209,0,0
714705,35733,0,127,127,1,0,575761138,0,0
718705,35933,0,127,127,1,0,578986938,0,0
722705,36133,0,127,127,1,0,582212738,0,0
726725,36334,0,127,127,1,0,585454667,0,0
730725,36534,0,127,127,1,0,588680467,0,0
734725,36734,0,127,127,1,0,591906267,0,0
738745,36935,0,127,127,1,0,595148196,0,0
742745,37135,0,127,127,1,0,598373996,0,0
746745,37335,0,127,127,1,0,601599796,0,0
750745,37535,0,127,127,1,0,604825596,0,0
754765,37736,0,127,127,1,0,608067525,0,0
758765,37936,0,127,127,1,0,611293325,0,0
762765,38136,0,127,127,1,0,614519125,0,0
766785,38337,0,127,127,1,0,617761054,0,0
770785,38537,0,127,127,1,0,620986854,0,0
774785,38737,0,127,127,1,0,624212654,0,0
778785,38937,0,127,127,1,0,627438454,0,0
782805,39138,0,127,127,1,0,630680383,0,0
786805,39338,0,127,127,1,0,633906183,0,0
790805,39538,0,127,127,1,0,637131983,0,0
794825,39739,0,127,127,1,0,640373912,0,0
798825,39939,0,127,127,1,0,643599712,0,0
802825,40139,0,127,127,1,0,646825512,0,0
806845,40340,0,127,127,1,0,650067441,0,0
810845,40540,0,127,127,1,0,653293241,0,0
814845,40740,0,127,127,1,0,656519041,0,0
818845,40940,0,127,127,1,0,659744841,0,0
822865,41141,0,127,127,1,0,662986770,0,0
826865,41341,0,127,127,1,0,666212570,0,0
830865,41541,0,127,127,1,0,669438370,0,0
834885,41742,0,127,127,1,0,672680299,0,0
838885,41942,0,127,127,1,0,675906099,0,0
842885,42142,0,127,127,1,0,679131899,0,0
846905,42343,0,127,127,1,0,682373828,0,0
850905,42543,0,127,127,1,0,685599628,0,0
854905,42743,0,127,127,1,0,688825428,0,0
858905,42943,0,127,127,1,0,692051228,0,0
862925,43144,0,127,127,1,0,695293157,0,0
866925,43344,0,127,127,1,0,698518957,0,0
870925,43544,0,127,127,1,0,701744757,0,0
874945,43745,0,127,127,1,0,704986686,0,0
878945,43945,0,127,127,1,0,708212486,0,0
882945,44145,0,127,127,1,0,711438286,0,0
886945,44345,0,127,127,1,0,714664086,0,0
890965,44546,0,127,127,1,0,717906015,0,0
894965,44746,0,127,127,1,0,721131815,0,0
898965,44946,0,127,127,1,0,724357615,0,0
902985,45147,0,127,127,1,0,727599544,0,0
906985,45347,0,127,127,1,0,730825344,0,0
910985,45547,0,127,127,1,0,734051144,0,0
915005,45748,0,127,127,1,0,737293073,0,0
919005,45948,0,127,127,1,0,740518873,0,0
923005,46148,0,127,127,1,0,743744673,0,0
927005,46348,0,127,127,1,0,746970473,0,0
931025,46549,0,127,127,1,0,750212402,0,0
935025,46749,0,127,127,1,0,753438202,0,0
939025,46949,0,127,127,1,0,756664002,0,0
943045,47150,0,127,127,1,0,759905931,0,0
947045,47350,0,127,127,1,0,763131731,0,0
951045,47550,0,127,127,1,0,766357531,0,0
955065,47751,0,127,127,1,0,769599460,0,0
959065,47951,0,127,127,1,0,772825260,0,0
963065,48151,0,127,127,1,0,776051060,0,0
967065,48351,0,127,127,1,0,779276860,0,0
971085,48552,0,127,127,1,0,782518789,0,0
975085,48752,0,127,127,1,0,785744589,0,0
979085,48952,0,127,127,1,0,788970389,0,0
983105,49153,0,127,127,1,0,792212318,0,0
987105,49353,0,127,127,1,0,795438118,0,0
991105,49553,0,127,127,1,0,798663918,0,0
995105,49753,0,127,127,1,0,801889718,0,0
999125,49954,0,127,127,1,0,805131647,0,0
1003125,50154,0,127,127,1,0,808357447,0,0
1007125,50354,0,127,127,1,0,811583247,0,0
1011145,50555,0,127,127,1,0,814825176,0,0
1015145,50755,0,127,127,1,0,818050976,0,0
1019145,50955,0,127,127,1,0,821276776,0,0
1023165,51156,0,127,127,1,0,824518705,0,0
1027165,51356,0,127,127,1,0,827744505,0,0
1031165,51556,0,127,127,1,0,830970305,0,0
1035165,51756,0,127,127,1,0,834196105,0,0
1039185,51957,0,127,127,1,0,837438034,0,0
1043185,52157,0,127,127,1,0,840663834,0,0
1047185,52357,0,127,127,1,0,843889634,0,0
1051205,52558,0,127,127,1,0,847131563,0,0
1055205,52758,0,127,127,1,0,850357363,0,0
1059205,52958,0,127,127,1,0,853583163,0,0
1063225,53159,0,127,127,1,0,856825092,0,0
1067225,53359,0,127,127,1,0,860050892,0,0
1071225,53559,0,127,127,1,0,863276692,0,0
1075225,53759,0,127,127,1,0,866502492,0,0
1079245,53960,0,127,127,1,0,869744421,0,0
1083245,54160,0,127,127,1,0,872970221,0,0
1087245,54360,0,127,127,1,0,876196021,0,0
1091265,54561,0,127,127,1,0,879437950,0,0
1095265,54761,0,127,127,1,0,882663750,0,0
1099265,54961,0,127,127,1,0,885889550,0,0
1103265,55161,0,127,127,1,0,889115350,0,0
1107285,55362,0,127,127,1,0,892357279,0,0
1111285,55562,0,127,127,1,0,895583079,0,0
1115285,55762,0,127,127,1,0,898808879,0,0
1119305,55963,0,127,127,1,0,902050808,0,0
1123305,56163,0,127,127,1,0,905276608,0,0
1127305,56363,0,127,127,1,0,908502408,0,0
1131325,56564,0,127,127,1,0,911744337,0,0
1135325,56764,0,127,127,1,0,914970137,0,0
1139325,56964,0,127,127,1,0,918195937,0,0
1143325,57164,0,127,127,1,0,921421737,0,0
1147345,57365,0,127,127,1,0,924663666,0,0
1151345,57565,0,127,127,1,0,927889466,0,0
1155345,57765,0,127,127,1,0,931115266,0,0
1159365,57966,0,127,127,1,0,934357195,0,0
1163365,58166,0,127,127,1,0,937582995,0,0
1167365,58366,0,127,127,1,0,940808795,0,0
1171385,58567,0,127,127,1,0,944050724,0,0
1175385,58767,0,127,127,1,0,947276524,0,0
1179385,58967,0,127,127,1,0,950502324,0,0
1183385,59167,0,127,127,1,0,953728124,0,0
1187405,59368,0,127,127,1,0,956970053,0,0
1191405,59568,0,127,127,1,0,960195853,0,0
1195405,59768,0,127,127,1,0,963421653,0,0
1199425,59969,0,127,127,1,0,966663582,0,0
1203425,60169,0,127,127,1,0,969889382,0,0
1207425,60369,0,127,127,1,0,973115182,0,0
1211425,60569,0,127,127,1,0,976340982,0,0
1215445,60770,0,127,127,1,0,979582911,0,0
1219445,60970,0,127,127,1,0,982808711,0,0
1223445,61170,0,127,127,1,0,986034511,0,0
1227465,61371,0,127,127,1,0,989276440,0,0
1231465,61571,0,127,127,1,0,992502240,0,0
1235465,61771,0,127,127,1,0,995728040,0,0
1239485,61972,0,127,127,1,0,998969969,0,0
1243485,62172,0,127,127,1,0,1002195769,0,0
1247485,62372,0,127,127,1,0,1005421569,0,0
1251485,62572,0,127,127,1,0,1008647369,0,0
1255505,62773,0,127,127,1,0,1011889298,0,0
1259505,62973,0,127,127,1,0,1015115098,0,0
1263505,63173,0,127,127,1,0,1018340898,0,0
1267525,63374,0,127,127,1,0,1021582827,0,0
1271525,63574,0,127,127,1,0,1024808627,0,0
1275525,63774,0,127,127,1,0,1028034427,0,0
1279545,63975,0,127,127,1,0,1031276356,0,0
1283545,64175,0,127,127,1,0,1034502156,0,0
1287545,64375,0,127,127,1,0,1037727956,0,0
1291545,64575,0,127,127,1,0,1040953756,0,0
1295565,64776,0,127,127,1,0,1044195685,0,0
1299565,64976,0,127,127,1,0,1047421485,0,0
1303565,65176,0,127,127,1,0,1050647285,0,0
1307585,65377,0,127,127,1,0,1053889214,0,0
1311585,65577,0,127,127,1,0,1057115014,0,0
1315585,65777,0,127,127,1,0,1060340814,0,0
1319585,65977,0,127,127,1,0,1063566614,0,0
1323605,66178,0,127,127,1,0,1066808543,0,0
1327605,66378,0,127,127,1,0,1070034343,0,0
1331605,66578,0,127,127,1,0,1073260143,0,0
1335625,66779,0,127,127,1,0,1076502072,0,0
1339625,66979,0,127,127,1,0,1079727872,0,0
1343625,67179,0,127,127,1,0,1082953672,0,0
1347645,67380,0,127,127,1,0,1086195601,0,0
1351645,67580,0,127,127,1,0,1089421401,0,0
1355645,67780,0,127,127,1,0,1092647201,0,0
1359645,67980,0,127,127,1,0,1095873001,0,0
1363665,68181,0,127,127,1,0,1099114930,0,0
1367665,68381,0,127,127,1,0,1102340730,0,0
1371665,68581,0,127,127,1,0,1105566530,0,0
1375685,68782,0,127,127,1,0,1108808459,0,0
1379685,68982,0,127,127,1,0,1112034259,0,0
1383685,69182,0,127,127,1,0,1115260059,0,0
1387705,69383,0,127,127,1,0,1118501988,0,0
1391705,69583,0,127,127,1,0,1121727788,0,0
1395705,69783,0,127,127,1,0,1124953588,0,0
1399705,69983,0,127,127,1,0,1128179388,0,0
1403725,70184,0,127,127,1,0,1131421317,0,0
1407725,70384,0,127,127,1,0,1134647117,0,0
1411725,70584,0,127,127,1,0,1137872917,0,0
1415745,70785,0,127,127,1,0,1141114846,0,0
1419745,70985,0,127,127,1,0,1144340646,0,0
1423745,71185,0,127,127,1,0,1147566446,0,0
1427745,71385,0,127,127,1,0,1150792246,0,0
1431765,71586,0,127,127,1,0,1154034175,0,0
1435765,71786,0,127,127,1,0,1157259975,0,0
1439765,71986,0,127,127,1,0,1160485775,0,0
1443785,72187,0,127,127,1,0,1163727704,0,0
1447785,72387,0,127,127,1,0,1166953504,0,0
1451785,72587,0,127,127,1,0,1170179304,0,0
1455805,72788,0,127,127,1,0,1173421233,0,0
1459805,72988,0,127,127,1,0,1176647033,0,0
1463805,73188,0,127,127,1,0,1179872833,0,0
1467805,73388,0,127,127,1,0,1183098633,0,0
1471825,73589,0,127,127,1,0,1186340562,0,0
1475825,73789,0,127,127,1,0,1189566362,0,0
1479825,73989,0,127,127,1,0,1192792162,0,0
1483845,74190,0,127,127,1,0,1196034091,0,0
1487845,74390,0,127,127,1,0,1199259891,0,0
1491845,74590,0,127,127,1,0,1202485691,0,0
1495845,74790,0,127,127,1,0,1205711491,0,0
1499865,74991,0,127,127,1,0,1208953420,0,0
1503865,75191,0,127,127,1,0,1212179220,0,0
1507865,75391,0,127,127,1,0,1215405020,0,0
1511885,75592,0,127,127,1,0,1218646949,0,0
1515885,75792,0,127,127,1,0,1221872749,0,0
1519885,75992,0,127,127,1,0,1225098549,0,0
1523905,76193,0,127,127,1,0,1228340478,0,0
1527905,76393,0,127,127,1,0,1231566278,0,0
1531905,76593,0,127,127,1,0,1234792078,0,0
1535905,76793,0,127,127,1,0,1238017878,0,0
1539925,76994,0,127,127,1,0,1241259807,0,0
1543925,77194,0,127,127,1,0,1244485607,0,0
1547925,77394,0,127,127,1,0,1247711407,0,0
1551945,77595,0,127,127,1,0,1250953336,0,0
1555945,77795,0,127,127,1,0,1254179136,0,0
1559945,77995,0,127,127,1,0,1257404936,0,0
1563965,78196,0,127,127,1,0,1260646865,0,0
1567965,78396,0,127,127,1,0,1263872665,0,0
1571965,78596,0,127,127,1,0,1267098465,0,0
1575965,78796,0,127,127,1,0,1270324265,0,0
1579985,78997,0,127,127,1,0,1273566194,0,0
1583985,79197,0,127,127,1,0,1276791994,0,0
1587985,79397,0,127,127,1,0,1280017794,0,0
1592005,79598,0,127,127,1,0,1283259723,0,0
1596005,79798,0,127,127,1,0,1286485523,0,0
1600005,79998,0,127,127,1,0,1289711323,0,0
1604005,80198,0,127,127,1,0,1292937123,0,0
1608025,80399,0,127,127,1,0,1296179052,0,0
1612025,80599,0,127,127,1,0,1299404852,0,0
1616025,80799,0,127,127,1,0,1302630652,0,0
1620045,81000,0,127,127,1,0,1305872581,0,0
1624045,81200,0,127,127,1,0,1309098381,0,0
1628045,81400,0,127,127,1,0,1312324181,0,0
1632065,81601,0,127,127,1,0,1315566110,0,0
1636065,81801,0,127,127,1,0,1318791910,0,0
1640065,82001,0,127,127,1,0,1322017710,0,0
1644065,82201,0,127,127,1,0,1325243510,0,0
1648085,82402,0,127,127,1,0,1328485439,0,0
1652085,82602,0,127,127,1,0,1331711239,0,0
1656085,82802,0,127,127,1,0,1334937039,0,0
1660105,83003,0,127,127,1,0,1338178968,0,0
1664105,83203,0,127,127,1,0,1341404768,0,0
1668105,83403,0,127,127,1,0,1344630568,0,0
1672125,83604,0,127,127,1,0,1347872497,0,0
1676125,83804,0,127,127,1,0,1351098297,0,0
1680125,84004,0,127,127,1,0,1354324097,0,0
1684125,84204,0,127,127,1,0,1357549897,0,0
1688145,84405,0,127,127,1,0,1360791826,0,0
1692145,84605,0,127,127,1,0,1364017626,0,0
1696145,84805,0,127,127,1,0,1367243426,0,0
1700165,85006,0,127,127,1,0,1370485355,0,0
1704165,85206,0,127,127,1,0,1373711155,0,0
1708165,85406,0,127,127,1,0,1376936955,0,0
1712165,85606,0,127,127,1,0,1380162755,0,0
1716185,85807,0,127,127,1,0,1383404684,0,0
1720185,86007,0,127,127,1,0,1386630484,0,0
1724185,86207,0,127,127,1,0,1389856284,0,0
1728205,86408,0,127,127,1,0,1393098213,0,0
1732205,86608,0,127,127,1,0,1396324013,0,0
1736205,86808,0,127,127,1,0,1399549813,0,0
1740225,87009,0,127,127,1,0,1402791742,0,0
1744225,87209,0,127,127,1,0,1406017542,0,0
1748225,87409,0,127,127,1,0,1409243342,0,0
1752225,87609,0,127,127,1,0,1412469142,0,0
1756245,87810,0,127,127,1,0,1415711071,0,0
1760245,88010,0,127,127,1,0,1418936871,0,0
1764245,88210,0,127,127,1,0,1422162671,0,0
1768265,88411,0,127,127,1,0,1425404600,0,0
1772265,88611,0,127,127,1,0,1428630400,0,0
1776265,88811,0,127,127,1,0,1431856200,0,0
1780285,89012,0,127,127,1,0,1435098129,0,0
1784285,89212,0,127,127,1,0,1438323929,0,0
1788285,89412,0,127,127,1,0,1441549729,0,0
1792285,89612,0,127,127,1,0,1444775529,0,0
1796305,89813,0,127,127,1,0,1448017458,0,0
1800305,90013,0,127,127,1,0,1451243258,0,0
1804305,90213,0,127,127,1,0,1454469058,0,0
1808325,90414,0,127,127,1,0,1457710987,0,0
1812325,90614,0,127,127,1,0,1460936787,0,0
1816325,90814,0,127,127,1,0,1464162587,0,0
1820325,91014,0,127,127,1,0,1467388387,0,0
1824345,91215,0,127,127,1,0,1470630316,0,0
1828345,91415,0,127,127,1,0,1473856116,0,0
1832345,91615,0,127,127,1,0,1477081916,0,0
1836365,91816,0,127,127,1,0,1480323845,0,0
1840365,92016,0,127,127,1,0,1483549645,0,0
1844365,92216,0,127,127,1,0,1486775445,0,0
1848385,92417,0,127,127,1,0,1490017374,0,0
1852385,92617,0,127,127,1,0,1493243174,0,0
1856385,92817,0,127,127,1,0,1496468974,0,0
1860385,93017,0,127,127,1,0,1499694774,0,0
1864405,93218,0,127,127,1,0,1502936703,0,0
1868405,93418,0,127,127,1,0,1506162503,0,0
1872405,93618,0,127,127,1,0,1509388303,0,0
1876425,93819,0,127,127,1,0,1512630232,0,0
1880425,94019,0,127,127,1,0,1515856032,0,0
1884425,94219,0,127,127,1,0,1519081832,0,0
1888445,94420,0,127,127,1,0,1522323761,0,0
1892445,94620,0,127,127,1,0,1525549561,0,0
1896445,94820,0,127,127,1,0,1528775361,0,0
1900445,95020,0,127,127,1,0,1532001161,0,0
1904465,95221,0,127,127,1,0,1535243090,0,0
1908465,95421,0,127,127,1,0,1538468890,0,0
1912465,95621,0,127,127,1,0,1541694690,0,0
1916485,95822,0,127,127,1,0,1544936619,0,0
1920485,96022,0,127,127,1,0,1548162419,0,0
1924485,96222,0,127,127,1,0,1551388219,0,0
1928485,96422,0,127,127,1,0,1554614019,0,0
1932505,96623,0,127,127,1,0,1557855948,0,0
1936505,96823,0,127,127,1,0,1561081748,0,0
1940505,97023,0,127,127,1,0,1564307548,0,0
1944525,97224,0,127,127,1,0,1567549477,0,0
1948525,97424,0,127,127,1,0,1570775277,0,0
1952525,97624,0,127,127,1,0,1574001077,0,0
1956545,97825,0,127,127,1,0,1577243006,0,0
1960545,98025,0,127,127,1,0,1580468806,0,0
1964545,98225,0,127,127,1,0,1583694606,0,0
1968545,98425,0,127,127,1,0,1586920406,0,0
1972565,98626,0,127,127,1,0,1590162335,0,0
1976565,98826,0,127,127,1,0,1593388135,0,0
1980565,99026,0,127,127,1,0,1596613935,0,0
1984585,99227,0,127,127,1,0,1599855864,0,0
1988585,99427,0,127,127,1,0,1603081664,0,0
1992585,99627,0,127,127,1,0,1606307464,0,0
1996605,99828,0,127,127,1,0,1609549393,0,0
2000605,100028,0,127,127,1,0,1612775193,0,0
2004605,100228,0,127,127,1,0,1616000993,0,0
2008605,100428,0,127,127,1,0,1619226793,0,0
2012625,100629,0,127,127,1,0,1622468722,0,0
2016625,100829,0,127,127,1,0,1625694522,0,0
2020625,101029,0,127,127,1,0,1628920322,0,0
2024645,101230,0,127,127,1,0,1632162251,0,0
2028645,101430,0,127,127,1,0,1635388051,0,0
2032645,101630,0,127,127,1,0,1638613851,0,0
2036645,101830,0,127,127,1,0,1641839651,0,0
2040665,102031,0,127,127,1,0,1645081580,0,0
2044665,102231,0,127,127,1,0,1648307380,0,0
2048665,102431,0,127,127,1,0,1651533180,0,0
2052685,102632,0,127,127,1,0,1654775109,0,0
2056685,102832,0,127,127,1,0,1658000909,0,0
2060685,103032,0,127,127,1,0,1661226709,0,0
2064705,103233,0,127,127,1,0,1664468638,0,0
2068705,103433,0,127,127,1,0,1667694438,0,0
2072705,103633,0,127,127,1,0,1670920238,0,0
2076705,103833,0,127,127,1,0,1674146038,0,0
2080725,104034,0,127,127,1,0,1677387967,0,0
2084725,104234,0,127,127,1,0,1680613767,0,0
2088725,104434,0,127,127,1,0,1683839567,0,0
2092745,104635,0,127,127,1,0,1687081496,0,0
2096745,104835,0,127,127,1,0,1690307296,0,0
2100745,105035,0,127,127,1,0,1693533096,0,0
2104765,105236,0,127,127,1,0,1696775025,0,0
2108765,105436,0,127,127,1,0,1700000825,0,0
2112765,105636,0,127,127,1,0,1703226625,0,0
2116765,105836,0,127,127,1,0,1706452425,0,0
2120785,106037,0,127,127,1,0,1709694354,0,0
2124785,106237,0,127,127,1,0,1712920154,0,0
2128785,106437,0,127,127,1,0,1716145954,0,0
2132805,106638,0,127,127,1,0,1719387883,0,0
2136805,106838,0,127,127,1,0,1722613683,0,0
2140805,107038,0,127,127,1,0,1725839483,0,0
2144805,107238,0,127,127,1,0,1729065283,0,0
2148825,107439,0,127,127,1,0,1732307212,0,0
2152825,107639,0,127,127,1,0,1735533012,0,0
2156825,107839,0,127,127,1,0,1738758812,0,0
2160845,108040,0,127,127,1,0,1742000741,0,0
2164845,108240,0,127,127,1,0,1745226541,0,0
2168845,108440,0,127,127,1,0,1748452341,0,0
2172865,108641,0,127,127,1,0,1751694270,0,0
2176865,108841,0,127,127,1,0,1754920070,0,0
2180865,109041,0,127,127,1,0,1758145870,0,0
2184865,109241,0,127,127,1,0,1761371670,0,0
2188885,109442,0,127,127,1,0,1764613599,0,0
2192885,109642,0,127,127,1,0,1767839399,0,0
2196885,109842,0,127,127,1,0,1771065199,0,0
2200905,110043,0,127,127,1,0,1774307128,0,0
2204905,110243,0,127,127,1,0,1777532928,0,0
2208905,110443,0,127,127,1,0,1780758728,0,0
2212925,110644,0,127,127,1,0,1784000657,0,0
2216925,110844,0,127,127,1,0,1787226457,0,0
2220925,111044,0,127,127,1,0,1790452257,0,0
2224925,111244,0,127,127,1,0,1793678057,0,0
2228945,111445,0,127,127,1,0,1796919986,0,0
2232945,111645,0,127,127,1,0,1800145786,0,0
2236945,111845,0,127,127,1,0,1803371586,0,0
2240965,112046,0,127,127,1,0,1806613515,0,0
2244965,112246,0,127,127,1,0,1809839315,0,0
2248965,112446,0,127,127,1,0,1813065115,0,0
2252965,112646,0,127,127,1,0,1816290915,0,0
2256985,112847,0,127,127,1,0,1819532844,0,0
2260985,113047,0,127,127,1,0,1822758644,0,0
2264985,113247,0,127,127,1,0,1825984444,0,0
2269005,113448,0,127,127,1,0,1829226373,0,0
2273005,113648,0,127,127,1,0,1832452173,0,0
2277005,113848,0,127,127,1,0,1835677973,0,0
2281025,114049,0,127,127,1,0,1838919902,0,0
2285025,114249,0,127,127,1,0,1842145702,0,0
2289025,114449,0,127,127,1,0,1845371502,0,0
2293025,114649,0,127,127,1,0,1848597302,0,0
2297045,114850,0,127,127,1,0,1851839231,0,0
2301045,115050,0,127,127,1,0,1855065031,0,0
2305045,115250,0,127,127,1,0,1858290831,0,0
2309065,115451,0,127,127,1,0,1861532760,0,0
2313065,115651,0,127,127,1,0,1864758560,0,0
2317065,115851,0,127,127,1,0,1867984360,0,0
2321085,116052,0,127,127,1,0,1871226289,0,0
2325085,116252,0,127,127,1,0,1874452089,0,0
2329085,116452,0,127,127,1,0,1877677889,0,0
2333085,116652,0,127,127,1,0,1880903689,0,0
2337105,116853,0,127,127,1,0,1884145618,0,0
2341105,117053,0,127,127,1,0,1887371418,0,0
2345105,117253,0,127,127,1,0,1890597218,0,0
2349125,117454,0,127,127,1,0,1893839147,0,0
2353125,117654,0,127,127,1,0,1897064947,0,0
2357125,117854,0,127,127,1,0,1900290747,0,0
2361125,118054,0,127,127,1,0,1903516547,0,0
2365145,118255,0,127,127,1,0,1906758476,0,0
2369145,118455,0,127,127,1,0,1909984276,0,0
2373145,118655,0,127,127,1,0,1913210076,0,0
2377165,118856,0,127,127,1,0,1916452005,0,0
2381165,119056,0,127,127,1,0,1919677805,0,0
2385165,119256,0,127,127,1,0,1922903605,0,0
2389185,119457,0,127,127,1,0,1926145534,0,0
2393185,119657,0,127,127,1,0,1929371334,0,0
2397185,119857,0,127,127,1,0,1932597134,0,0
2401185,120057,0,127,127,1,0,1935822934,0,0
2405205,120258,0,127,127,1,0,1939064863,0,0
2409205,120458,0,127,127,1,0,1942290663,0,0
2413205,120658,0,127,127,1,0,1945516463,0,0
2417225,120859,0,127,127,1,0,1948758392,0,0
2421225,121059,0,127,127,1,0,1951984192,0,0
2425225,121259,0,127,127,1,0,1955209992,0,0
2429245,121460,0,127,127,1,0,1958451921,0,0
2433245,121660,0,127,127,1,0,1961677721,0,0
2437245,121860,0,127,127,1,0,1964903521,0,0
2441245,122060,0,127,127,1,0,1968129321,0,0
2445265,122261,0,127,127,1,0,1971371250,0,0
2449265,122461,0,127,127,1,0,1974597050,0,0
2453265,122661,0,127,127,1,0,1977822850,0,0
2457285,122862,0,127,127,1,0,1981064779,0,0
2461285,123062,0,127,127,1,0,1984290579,0,0
2465285,123262,0,127,127,1,0,1987516379,0,0
2469285,123462,0,127,127,1,0,1990742179,0,0
2473305,123663,0,127,127,1,0,1993984108,0,0
2477305,123863,0,127,127,1,0,1997209908,0,0
2481305,124063,0,127,127,1,0,2000435708,0,0
2485325,124264,0,127,127,1,0,2003677637,0,0
2489325,124464,0,127,127,1,0,2006903437,0,0
2493325,124664,0,127,127,1,0,2010129237,0,0
2497345,124865,0,127,127,1,0,2013371166,0,0
2501345,125065,0,127,127,1,0,2016596966,0,0
2505345,125265,0,127,127,1,0,2019822766,0,0
2509345,125465,0,127,127,1,0,2023048566,0,0
2513365,125666,0,127,127,1,0,2026290495,0,0
2517365,125866,0,127,127,1,0,2029516295,0,0
2521365,126066,0,127,127,1,0,2032742095,0,0
2525385,126267,0,127,127,1,0,2035984024,0,0
2529385,126467,0,127,127,1,0,2039209824,0,0
2533385,126667,0,127,127,1,0,2042435624,0,0
2537405,126868,0,127,127,1,0,2045677553,0,0
2541405,127068,0,127,127,1,0,2048903353,0,0
2545405,127268,0,127,127,1,0,2052129153,0,0
2549405,127468,0,127,127,1,0,2055354953,0,0
2553425,127669,0,127,127,1,0,2058596882,0,0
2557425,127869,0,127,127,1,0,2061822682,0,0
2561425,128069,0,127,127,1,0,2065048482,0,0
2565445,128270,0,127,127,1,0,2068290411,0,0
2569445,128470,0,127,127,1,0,2071516211,0,0
2573445,128670,0,127,127,1,0,2074742011,0,0
2577445,128870,0,127,127,1,0,2077967811,0,0
2581465,129071,0,127,127,1,0,2081209740,0,0
2585465,129271,0,127,127,1,0,2084435540,0,0
2589465,129471,0,127,127,1,0,2087661340,0,0
2593485,129672,0,127,127,1,0,2090903269,0,0
2597485,129872,0,127,127,1,0,2094129069,0,0
2601485,130072,0,127,127,1,0,2097354869,0,0
2605505,130273,0,127,127,1,0,2100596798,0,0
2609505,130473,0,127,127,1,0,2103822598,0,0
2613505,130673,0,127,127,1,0,2107048398,0,0
2617505,130873,0,127,127,1,0,2110274198,0,0
2621525,131074,0,127,127,1,0,2113516127,0,0
2625525,131274,0,127,127,1,0,2116741927,0,0
2629525,131474,0,127,127,1,0,2119967727,0,0
2633545,131675,0,127,127,1,0,2123209656,0,0
2637545,131875,0,127,127,1,0,2126435456,0,0
2641545,132075,0,127,127,1,0,2129661256,0,0
2645565,132276,0,127,127,1,0,2132903185,0,0
2649565,132476,0,127,127,1,0,2136128985,0,0
2653565,132676,0,127,127,1,0,2139354785,0,0
2657565,132876,0,127,127,1,0,2142580585,0,0
2661585,133077,0,127,127,1,0,2145822514,0,0
2665585,133277,0,127,127,1,0,2147483647,1,0
2669585,133477,0,127,127,1,0,2147483647,1,0
2673605,133678,0,127,127,1,0,2147483647,1,0
2677605,133878,0,127,127,1,0,2147483647,1,0
2681605,134078,0,1,1,1,0,1,0,0
2685605,134278,0,1,1,1,0,51,0,0
2689625,134479,0,1,0,1,0,109,0,0
2693625,134679,0,0,0,1,0,157,0,0
2697625,134879,0,0,1,1,0,203,0,0
2701645,135080,0,0,0,1,0,255,0,0
2705645,135280,0,0,0,1,0,313,0,0
2709645,135480,0,0,1,1,0,358,0,0
2713665,135681,0,0,1,1,0,405,0,0
2717665,135881,0,0,1,1,0,457,0,0
2721665,136081,0,0,0,1,0,512,0,0
2725665,136281,0,0,0,1,0,567,0,0
2729685,136482,0,0,0,1,0,625,0,0
2733685,136682,0,1,1,1,0,673,0,0
2737685,136882,0,0,0,1,0,730,0,0
2741705,137083,0,0,0,1,0,777,0,0
2745705,137283,0,1,0,1,0,817,0,0
2749705,137483,0,1,0,1,0,870,0,0
2753725,137684,0,1,1,1,0,928,0,0
2757725,137884,0,0,1,1,0,985,0,0
2761725,138084,0,1,0,1,0,1030,0,0
2765725,138284,0,1,0,1,0,1076,0,0
2769745,138485,0,0,1,1,0,1132,0,0
2773745,138685,0,1,1,1,0,1190,0,0
2777745,138885,0,0,0,1,0,1235,0,0
2781765,139086,1,32704,128,1,0,2143289344,0,1
2785765,139286,1,1,32769,1,0,2143289344,0,1
2789765,139486,1,65472,0,1,0,2143289344,0,1
2793765,139686,1,32768,32769,1,0,2143289344,0,1
2797785,139887,1,32768,32896,1,0,2143289344,0,1
2801785,140087,1,32897,1,1,0,2143289344,0,1
2805785,140287,1,1,32704,1,0,2143289344,0,1
2809805,140488,1,32769,129,1,0,2143289344,0,1
2813805,140688,1,0,32768,1,0,2143289344,0,1
2817805,140888,1,32897,32769,1,0,2143289344,0,1
2821825,141089,1,32768,32769,1,0,2143289344,0,1
2825825,141289,1,32768,32897,1,0,2143289344,0,1
2829825,141489,1,32769,32768,1,0,2143289344,0,1
2833825,141689,1,0,65472,1,0,2143289344,0,1
2837845,141890,1,128,32640,1,0,2143289344,0,1
2841845,142090,1,1,512,1,0,2143289344,0,1
2845845,142290,1,128,128,1,0,2143289344,0,1
2849865,142491,1,32768,32768,1,0,2143289344,0,1
2853865,142691,1,1,32896,1,0,2143289344,0,1
2857865,142891,1,32768,0,1,0,2143289344,0,1
2861885,143092,1,0,65408,1,0,2143289344,0,1
2865885,143292,1,128,129,1,0,2143289344,0,1
2869885,143492,1,32768,32768,1,0,2143289344,0,1
2873885,143692,1,0,1,1,0,2143289344,0,1
2877905,143893,1,32769,0,1,0,2143289344,0,1
2881905,144093,1,16256,16256,1,0,1090519040,0,0
